{
    "2024-01-01": {
        "description": [
            "Hari libur nasional"
        ],
        "holiday": true,
        "summary": [
            "Hari Tahun Baru"
        ]
    },
    "2024-02-08": {
        "description": [
            "Hari libur nasional"
        ],
        "holiday": true,
        "summary": [
            "Isra Mikraj Nabi Muhammad"
        ]
    },
    "2024-02-10": {
        "description": [
            "Hari libur nasional"
        ],
        "holiday": true,
        "summary": [
            "Tahun Baru Imlek"
        ]
    },
    "2024-02-14": {
        "description": [
            "Hari libur nasional"
        ],
        "holiday": true,
        "summary": [
            "Hari Pemilihan"
        ]
    },
    "2024-03-11": {
        "description": [
            "Hari libur nasional"
        ],
        "holiday": true,
        "summary": [
            "Hari Suci Nyepi (Tahun Baru Saka)"
        ]
    },
    "2024-03-29": {
        "description": [
            "Hari libur nasional"
        ],
        "holiday": true,
        "summary": [
            "Wafat Isa Almasih"
        ]
    },
    "2024-03-31": {
        "description": [
            "Hari libur nasional"
        ],
        "holiday": true,
        "summary": [
            "Hari Paskah"
        ]
    },
    "2024-04-10": {
        "description": [
            "Hari libur nasional"
        ],
        "holiday": true,
        "summary": [
            "Hari Idul Fitri"
        ]
    },
    "2024-04-11": {
        "description": [
            "Hari libur nasional"
        ],
        "holiday": true,
        "summary": [
            "Hari Idul Fitri"
        ]
    },
    "2024-04-21": {
        "description": [
            "Perayaan"
        ],
        "holiday": false,
        "summary": [
            "Hari Kartini"
        ]
    },
    "2024-05-01": {
        "description": [
            "Hari libur nasional"
        ],
        "holiday": true,
        "summary": [
            "Hari Buruh Internasional / Pekerja"
        ]
    },
    "2024-05-09": {
        "description": [
            "Hari libur nasional"
        ],
        "holiday": true,
        "summary": [
            "Kenaikan Isa Al Masih"
        ]
    },
    "2024-05-23": {
        "description": [
            "Hari libur nasional"
        ],
        "holiday": true,
        "summary": [
            "Hari Raya Waisak"
        ]
    },
    "2024-06-01": {
        "description": [
            "Hari libur nasional"
        ],
        "holiday": true,
        "summary": [
            "Hari Lahir Pancasila"
        ]
    },
    "2024-06-17": {
        "description": [
            "Hari libur nasional"
        ],
        "holiday": true,
        "summary": [
            "Idul Adha (Lebaran Haji)"
        ]
    },
    "2024-06-18": {
        "description": [
            "Hari libur nasional"
        ],
        "holiday": true,
        "summary": [
            "Idul Adha (Lebaran Haji)"
        ]
    },
    "2024-07-07": {
        "description": [
            "Hari libur nasional"
        ],
        "holiday": true,
        "summary": [
            "Satu Muharam / Tahun Baru Hijriah"
        ]
    },
    "2024-08-17": {
        "description": [
            "Hari libur nasional"
        ],
        "holiday": true,
        "summary": [
            "Hari Proklamasi Kemerdekaan R.I."
        ]
    },
    "2024-09-15": {
        "description": [
            "Hari libur nasional"
        ],
        "holiday": true,
        "summary": [
            "Maulid Nabi Muhammad"
        ]
    },
    "2024-10-02": {
        "description": [
            "Perayaan"
        ],
        "holiday": false,
        "summary": [
            "Hari Batik"
        ]
    },
    "2024-11-01": {
        "description": [
            "Perayaan"
        ],
        "holiday": false,
        "summary": [
            "Diwali"
        ]
    },
    "2024-11-12": {
        "description": [
            "Perayaan"
        ],
        "holiday": false,
        "summary": [
            "Hari Ayah"
        ]
    },
    "2024-11-25": {
        "description": [
            "Perayaan"
        ],
        "holiday": false,
        "summary": [
            "Hari Guru"
        ]
    },
    "2024-12-22": {
        "description": [
            "Perayaan"
        ],
        "holiday": false,
        "summary": [
            "Hari Ibu"
        ]
    },
    "2024-12-24": {
        "description": [
            "Perayaan"
        ],
        "holiday": false,
        "summary": [
            "Malam Natal"
        ]
    },
    "2024-12-25": {
        "description": [
            "Hari libur nasional"
        ],
        "holiday": true,
        "summary": [
            "Hari Raya Natal"
        ]
    },
    "2024-12-31": {
        "description": [
            "Perayaan"
        ],
        "holiday": false,
        "summary": [
            "Malam Tahun Baru"
        ]
    },
    "2025-01-01": {
        "description": [
            "Hari libur nasional"
        ],
        "holiday": true,
        "summary": [
            "Hari Tahun Baru"
        ]
    },
    "2025-01-28": {
        "description": [
            "Hari libur nasional"
        ],
        "holiday": true,
        "summary": [
            "Isra Mikraj Nabi Muhammad"
        ]
    },
    "2025-01-29": {
        "description": [
            "Hari libur nasional"
        ],
        "holiday": true,
        "summary": [
            "Tahun Baru Imlek"
        ]
    },
    "2025-03-02": {
        "description": [
            "Perayaan"
        ],
        "holiday": false,
        "summary": [
            "Ramadan Start"
        ]
    },
    "2025-04-01": {
        "description": [
            "Hari libur nasional"
        ],
        "holiday": true,
        "summary": [
            "Hari Idul Fitri"
        ]
    },
    "2025-04-02": {
        "description": [
            "Hari libur nasional"
        ],
        "holiday": true,
        "summary": [
            "Hari Idul Fitri"
        ]
    },
    "2025-04-18": {
        "description": [
            "Hari libur nasional"
        ],
        "holiday": true,
        "summary": [
            "Wafat Isa Almasih"
        ]
    },
    "2025-04-20": {
        "description": [
            "Perayaan"
        ],
        "holiday": false,
        "summary": [
            "Hari Paskah"
        ]
    },
    "2025-04-21": {
        "description": [
            "Perayaan"
        ],
        "holiday": false,
        "summary": [
            "Hari Kartini"
        ]
    },
    "2025-05-01": {
        "description": [
            "Hari libur nasional"
        ],
        "holiday": true,
        "summary": [
            "Hari Buruh Internasional / Pekerja"
        ]
    },
    "2025-05-13": {
        "description": [
            "Hari libur nasional"
        ],
        "holiday": true,
        "summary": [
            "Hari Raya Waisak"
        ]
    },
    "2025-05-29": {
        "description": [
            "Hari libur nasional"
        ],
        "holiday": true,
        "summary": [
            "Kenaikan Isa Al Masih"
        ]
    },
    "2025-06-01": {
        "description": [
            "Hari libur nasional"
        ],
        "holiday": true,
        "summary": [
            "Hari Lahir Pancasila"
        ]
    },
    "2025-06-07": {
        "description": [
            "Hari libur nasional"
        ],
        "holiday": true,
        "summary": [
            "Idul Adha (Lebaran Haji)"
        ]
    },
    "2025-06-27": {
        "description": [
            "Hari libur nasional"
        ],
        "holiday": true,
        "summary": [
            "Satu Muharam / Tahun Baru Hijriah"
        ]
    },
    "2025-08-17": {
        "description": [
            "Hari libur nasional"
        ],
        "holiday": true,
        "summary": [
            "Hari Proklamasi Kemerdekaan R.I."
        ]
    },
    "2025-09-05": {
        "description": [
            "Hari libur nasional"
        ],
        "holiday": true,
        "summary": [
            "Maulid Nabi Muhammad"
        ]
    },
    "2025-10-02": {
        "description": [
            "Perayaan"
        ],
        "holiday": false,
        "summary": [
            "Hari Batik"
        ]
    },
    "2025-10-21": {
        "description": [
            "Perayaan"
        ],
        "holiday": false,
        "summary": [
            "Diwali"
        ]
    },
    "2025-11-12": {
        "description": [
            "Perayaan"
        ],
        "holiday": false,
        "summary": [
            "Hari Ayah"
        ]
    },
    "2025-11-25": {
        "description": [
            "Perayaan"
        ],
        "holiday": false,
        "summary": [
            "Hari Guru"
        ]
    },
    "2025-12-22": {
        "description": [
            "Perayaan"
        ],
        "holiday": false,
        "summary": [
            "Hari Ibu"
        ]
    },
    "2025-12-24": {
        "description": [
            "Perayaan"
        ],
        "holiday": false,
        "summary": [
            "Malam Natal"
        ]
    },
    "2025-12-25": {
        "description": [
            "Hari libur nasional"
        ],
        "holiday": true,
        "summary": [
            "Hari Raya Natal"
        ]
    },
    "2025-12-31": {
        "description": [
            "Perayaan"
        ],
        "holiday": false,
        "summary": [
            "Malam Tahun Baru"
        ]
    },
    "info": {
        "author": "guangrei",
        "link": "https://github.com/guangrei",
        "updated": "20240119 17:05:46"
    }
}